2,20,0.5,0,0.5,0,16
4,10,5,0,5,0,2
5,10,1,0,5,5,6
6,6,1,0,2,1,3
7,14,0,0,1,4,14
9,2,0,1,2,4,1
13,2,2,0,1,0,0
16,10,0,0,3,2,6
21,10,0,0,0.5,7,10
25,1,0,0,0,0,0
26,30,0,0,0,0,10
30,20,2,0,4,5,16
35,1,0,0,1,.5,0
37,3,1,0,1,2,1
38,2,1,0,1,2,0
39,7,0,0,0,5,2
40,3,1,0,1,2,0.5
41,4,4,0,0.5,3,1
44,5,2,0,1,3,1
45,3,0,0,1,1,0
46,1.5,0,0,1,1,0
48,2,0,0,0,0,2
49,1,0,0,1,0,0
51,3,0.5,0,0.5,2,2
52,12,2,0,1,2,8
53,4,0,0,2,0,0
54,6,4,0,1,5,0
55,4,3,0,0.5,5,0
56,7,5,0.5,2,6.5,1
58,2,0,0,0.5,4,0.5
60,8,2,0,6,4,4
61,10,0.2,0,0.5,1,10
62,2,0,0,1,1,0
64,0.5,0,0,0.5,0,0
65,0,0,0,0,0,0
66,2,1,0,1,0.5,0
68,1,0,0,1,1,0
69,5,3,0,1,5,1
70,2,1,0,1,2,0
71,8,1,0,2,3,4
72,1,0,0,1,0,0
73,7,1,0,1,1,7
74,8,0,0,0,3,8
77,20,1,0,.5,3,20
80,3,1,0,1,1,0
82,20,0,0,.2,4,13
84,20,10,0,1,4,20
86,3,0.5,0,2,4,0
87,30,2,0,1,5,30
89,8,1,0,3,3,0.5
91,5,1,0,2,1,0.5
92,0.4,0,0,0.4,0,0
95,2,1,0,1,2,0.5
98,12,2,0,5,2,12
106,4,4,0,1,4,0
108,4,2,0,3,4,2
109,15,3,0,.5,4,11
110,15,0,0,.2,1,10
112,3,1,0,1,2,0
113,5,1,0,4,4,0
115,4,1,0,0,4,1
116,5,2,0,2,1,1
117,3,2,0,2,1,1
118,2,0,0,2,1,0
119,6,2,1,2,0,3
121,5,2,0,0.5,4,0.5
122,10,5,0,1,2,7
123,1,0,0,0,0,0
124,10,5,0,7,0,0
126,20,10,0,2,4,15
127,33,0,0,1,4,5
128,2,2,0,2,1,1
130,7,0,0,0,2,0
132,3,0,0,1,0,0
133,4,2,0,2,2,0
136,30,0,0,3,4,18
138,5,2,0,1,2,1
139,25,0,0.5,0.5,1,20
147,15,4,2,2,4,11
149,2,0,0,1,1,6
155,4,2,0,0,3,1
158,20,10,0,0,6,28
159,6,1,0,3,3,4
164,0,0,0,0,0,0
167,1,0,0,0.5,0,2
171,3,1,0,0,2,0
182,20,15,0,1,3,18
186,0.5,0.2,0,0.5,0,0
189,10,0,0,5,0,0
195,3,0,0,2,0,0
196,4,1,0,1,1,10
197,20,5,0,12,3,0
203,16,10,0,1,1,8
204,2,1,0,0.3,4,4
207,4,1,0,1,1,.5
210,2,2,0,1,3,1
211,6,3,0,3,3,2.5
213,30,20,0,10,6,.5
214,0,0,0,0,0,0
215,5,0,0,0,0,5
221,4,3,0,2,4,1.5
223,25,10,1,1,25,8
225,20,5,0,0,0,10
227,3,2,0,1,3,.5
228,18,3,0,1,3,20
229,3,0,0,1,3,0
231,15,3,0,1,1,0
236,5,0,0,5,0,3
239,1,1,0,0,1,0.5
243,3,1,0,1,2,0.5
244,5,5,0,2,5,1
245,5,2,0,2,4,0.3
246,3,0.5,0,0,2,0
248,28,4,0,1,6,17
250,50,0,0,0.333333,5,40
251,4,2,0,1,1,0
253,1,0,0,1,0,1
255,1,0,0,.5,4,0
260,4,0,0,0.5,0,1
263,4,2,0,4,2,1
265,24,0,0,0,5,24
266,12,0,0,0,1,12
272,10,2,1,8,5,3
275,4,2,0,1,4,1.5
279,9,0,0,3,0,0
295,10,2,0,3,9,10
298,8,2,0,1,2,0.5
300,6,4,0,1,4,1
307,18,1,0,1,0,8
312,8,8,0,1,6,4
313,3,1,0,0.5,2,0
315,5,1,0,2,3,5.5
317,40,4,0,1,0,40
318,2,2,0,0,3,0
319,8,2,0,4,4,1
320,9,6,0,3,5,8
321,10,4,0,2,5,2
322,17,5,1,2,3,12
323,5,3,0,0,2,2
324,1,1,0,1,0,0
325,0.8,0,0,0.6,0,0
327,5,0,0,0,0,2
329,5,2,0,5,1,1
331,3,2,0,0.5,2,0
332,2,0,0,.5,0,0
333,15,2,0,1,4,3.5
334,31,1,0,1,2,16
335,12,0,0,1,4,12
338,4,1,0,1,1,3
342,10,3,0,0.5,5,4
350,20,2,0,1,7,5
358,2,0,0,1,1,0
359,35,15,0,3,1,0
364,5,0,0,0.5,0.5,2
366,0,0,0,0,1,5
368,0.1,0,0,0.1,0,0
370,7,3,0,1,1,7
373,2,0,0,1,1,0
381,3,0,0,0,16,2
382,7,4,1,2,7,1
383,0.5,0,0,0,0,0
385,3,0,0,2,1,1
387,23,1,0,10,4,20
388,6,2,0,1,4,2
389,3,3,0,3,3,0
390,2,2,0,0,0,1
395,0.6,0,0,0.6,4,0
398,1,1,0,1,1,0
400,4,4,0,2,4,0
401,30,5,0,2,5,10
403,16,12,0,5,0,15
408,7,0,0,0,4,24
411,4,1,0.3,3,3,1
413,9,2,0,2,4,3.5
418,2,0,0,1,0,0
421,10,3,0,1,4,6
422,14,0,0,0,0,10
424,4,4,0,0,5,0.5
425,6,1,0,1,4,3
426,1,0.5,0,1,1.5,0
429,10,1,0,1,1,0
430,5,3,0,1,5,0
432,16,5,0,2,6,12
433,1,0,0,0,1,0
438,3,1,0,0,0,0
439,30,5,0,5,7,27
440,5,1,0.01,1,2,0
442,15,10,0,3,4,12
443,4,0,0,2.5,0,3
445,2,2,0,.5,2,0
446,16,6,0,4,3,3
448,20,0,0,1,4,15
449,17,10,0,6,0,17
450,15,10,0,0,2,30
452,4,0.5,0,1,3,5
455,20,0.5,0,2,2,8
457,4,2,0,0.5,0,3
459,3,2,1,2,2,1
460,4,1.5,0,1.5,3,1
467,0,0,0,0,0,0
468,1,.5,0,1,1,0
470,3,3,0,2,4,0
475,14,5,0,0.5,3,0
480,10,1,0,1,0,10
482,12,3,0,0,4,10
483,4,4,0,4,3,0
484,6,2,1,0,4,1
488,1,0,0,1,0,0
490,8,1,0,1,4,5
491,8,1,0,2,3,1
493,10,5,0,5,0,10
494,5,5,0,3,4,2
495,10,0,0,0,0,10
498,1,0,0,.3,2,0
499,7,3,0,7,4,4.5
501,18,16,0,0,4,15
503,11,0,0,5,3,1
505,2,1,0,1,2,0
507,15,0,0,0,2,0
512,8,8,0,0,4,2
513,6,3,0,2,5,3
515,25,2,0,17,0,20
519,4,0,1,3,3,0.5
523,10,0,0,8,2,0
526,15,10,4,2,3,1
528,4,0.4,0,0.3,0,0
529,3,1,0,0.5,5,0.75
530,2,0.5,0,0.1,2,1
531,8,7,0,1,6,7
533,23,0,0,0,6,17
534,7,0,0,3,0,4
535,1,0,0,.05,0,0
543,15,5,0,0,4,10
547,12,0,0,0,4,6
548,2,2,0,0.5,1,0.5
551,3,0,0,1,0,1
553,5,2,0.1,.5,2,0
554,20,0,0,1,0,4
555,4,1,0,1,3,1
558,30,15,1,2,5,20
561,30,5,0,2,2,0
563,5,1,0,1,2,3
564,4,1,0,0,4,1.5
566,8,1,0,4,5,8
568,15,2,0,1,4,11
573,6,6,0,1,4,3
574,2,1,0,0,3,1
575,5,1,0,1,3,0
576,9,0,0,0,5,4
583,15,0,0,1,0,2
584,5,0,0,0,0,3
588,6,2,0,1,6,1
592,25,15,0,3,4,14
597,7,2,0,5,4,8
600,5,5,0,0,4.5,0.5
601,2,1,0,1,2,0
602,6,2,0,1,4,6
603,6,5,0,1,4,6
605,5,4,0,1,2,1
606,1,0,0,1,0,0
607,5,2,0,1,4,1.5
608,15,2,1,2,4,8
609,4,1,0,1,5,2
621,2,.5,0,.2,1,.5
622,20,0,0,5,4,15
624,5,3,0,2,4,0.5
625,6,1,0,3,4,2
628,5,0,0,0,2,0
629,2,1,0,0.2,2,0
630,5,.5,0,.5,2,0
631,4,0,0,0,0,1
632,23,13,0,0,4,22
636,14,1,1,0,8,2
637,1,0.5,0,0.5,0,0
638,7,1,0,1,2,0.5
640,2,2,0,0,2,2
642,3,3,0,1,3,0
644,50,0.5,0.2,8,0,50
645,6,2,0,2,2,0
648,3,1,0,2,0,0
650,11,4,0,0.5,4,6
651,5,2,0,1,1,0.5
663,20,5,0,8,4,16
666,1,1,1,1,1,1
668,12,0,0,1,0,6.5
671,1,0.5,0,1,1,0
672,16,0,0,2,4,16
675,10,2,1,5,1,2
677,10,5,0,0,5,4
678,16,0.2,0,0.1,3,10
681,6,1,0,1,3,8
683,6,0,0,1,4,6
685,50,0,0,0,.5,50
688,5,5,0,0,3,5
692,5,0,0,0,0,0
696,7,7,3,2,3,1.5
701,4,1,0,1,4,1
702,2,0,0,1,0,0
704,8,2,0,1,0,7
705,10,10,0,5,1,11
710,30,2,0,2,4,23
717,4,4,0,1,4,3
722,12,1,0,6,4,8
725,5,1,0,0,2,0.5
729,0,0,0,0,0,0
730,20,20,5,10,6,15
731,15,2,0,2,5,7
733,2,.25,0,.25,3,15
735,30,1,0,0,0,30
737,1,1,0,0,1,0
739,5,4,0,1,4,1.5
740,3,1,0,1,5,3.5
745,10,9,0,4,4,2.5
749,3,0,0,1,3,1
750,5,1,0,1,3,5
752,6,0.5,0,0,4,0
755,30,5,0,4,3,20
758,1,1,1,0,1,0
759,10,0,0,0,2,0
763,5,0,0,3,5,5
770,16,5,0,1,3,0
771,1,0,0,0,0,0
772,6,0.5,0,0.3,4,8
773,16,16,0,4,4,10
775,3,0,0,0,0,0
779,1,0,0,1,1,0
786,15,8,0,10,5,10
790,3,1,0,1,6,2
791,18,10,0,4,5,12
797,5,.25,.5,8,4,5
800,3,0,0,1,3,4
809,5,5,0,3,3,2
810,13,1,0,1,4,1
812,2,0,0,0,5,1
814,3,0,0,3,2,.5
816,8,1,0,4,1,2
817,23,8,4,9,4,23
823,12,11,0,0,4,8
824,13,6,1,2,6,5
825,10,4,0,10,0,8
826,5,1,0,2,2,4
829,5,4,0,0,5,2.5
830,35,5,0,3,5,20
831,7,3,0,0,3,0.5
836,15,14,0,1,6,3
839,6,2,0,1,5,1
841,20,1,3,10,7,0
850,5,0,0,3,2,1
851,31,13,0,0,3,19
854,1,0,0,1,0,0
855,0,0,0,0,0,0
858,9,5,0,1,0,9
874,10,5,0,0.5,5,1
876,3,3,0,3,2,0.5
878,6,2,0,0,2,1.5
893,4,2,0,2,2,0
896,26,0,0,2,0,0
897,25,5,1,0,4,20
899,3,4,0,2,4,2
904,3,2,1,1.5,6,1
913,20,11,0,0,3,7
922,2,2,0,1,2,1
923,10,10,0,1,4,8
925,10,5,0,4,4,2
927,16,6,0,3,4,3
928,13,12,0,0.5,6,4.5
931,13,4,0,9,3,0.5
934,10,0,0,0,3,10
935,12,6,0,1,5,12
937,10,0,0,1,0,5
939,11,2,0,0,5,2
941,4,4,0,4,1,0
942,6,1,0,0,0,4
948,19,0,0,3,0,0
949,10,2,0,4,2,7
950,6,0,0,1,0,5
951,20,10,0,7,4,0
952,20,1,0,2,2,20
956,5,0.5,1,1,1,0
961,2,1,0,1,1,0
963,8,0,0,1,3,0
964,13,8,0,5,4,4
968,5,2,0,1,1,1
970,10,0,0,1,0,0
971,14,6,0,2,6,10
972,3,0,0,3,0,0
981,9,0,0,2,5,0
989,9,9,0,0.5,4,1
990,4,2,0,2,2,1
992,15,4,1,2,5,12
1002,8,2,0,0,3,0.5
1003,7,1,0,2,5,5
1004,25,15,0,0,7,15
1005,3,1,0,0,0,0
1010,1.4,1.2,0,.2,1,0.5
1012,14,0,0,0,1,10
1015,4,2,0,1,4,2
1019,30,17,0,2,4,22
1023,16,1,0,2,3,6
1024,5,1,0,1,1,8
1030,2,0,0,1,1,0
1034,20,20,20,20,20,20
1036,1,0,0,1,0,0
1048,10,7,0,0.5,5,0.5
1052,1.4,1.4,0,.2,1,.5
1057,19,3,0,2,3,1
1063,7,4,0,0,4,2
1067,10,1,0,7,5,0
1070,0,0,0,0,0,0
1071,6,2,0,1,4,3
1073,6,4,1,2,3,2
1076,5,3,0,3,3,0
1087,10,7,.5,1,4,6
1090,8,1,0,1,4,4
1093,3,0.7,0,0.2,3,0.7
1094,6,4,0,0,1,0
1096,10,10,0,1,0,10
1098,4,2,0,1,4,3
1102,8,1,0,2,4,0
1105,13,1,0,5,7,7
1106,1,0,0,1,0,0
1107,8,4,0,1,1,8
1108,12,5,0,4,4,8
1110,4,0,0,0.5,8,5
1113,2,0.4,0,0.2,1,0
1116,5,0,0,2,0,0
1117,8,5,0.3,1,5,1.5
1120,10,.5,0,2,6,8
1124,0.5,0,0,0.5,1,0
1129,1,1,0,0,1,0
1130,12,4,0,1,0,10
1141,10,5,0,1,4,1
1151,11,3,1,5,4,2.5
1159,10,5,1,1,4,2
1168,13,1,0,1,4,2
1171,5,0,0,3,3,8
1174,2,1,0,0,3,1
1175,3,0,0,0,1,0
1178,15,2,0,0,5,12
1180,15,10,0,1,4,12
1182,10,10,0,1,1,0
1183,1,0,0,1.5,1,0
1194,1,1,0,1,0,0
1201,4,1,0,1,1,0.3
1203,6,0,0,0.5,4,4
1208,4,1,0,1,4,3
1212,1,0,0,1,1,0
1214,2,1,0,1,2,3
1215,5,4,0,2,4,1
1220,10,0.5,0,5,4,10
1223,15,5,0,3,5,10
1224,25,10,2,5,5,15
1226,7,7,1,3,5,3
1227,4,1,0,1,2,5
1229,13,4,0,0,4,13
1232,1,0,0,1,0,5
1233,25,0,0,0,4,25
1234,10,0,0,8,4,7
1236,25,10,0,7,4,14
1243,5,1,0,0,2,3
1247,4,0,0,1,3,0.5
1248,5,1,0,1,2,0
1250,1,.5,0,0,0,0
1253,3,3,0,0,1,0.5
1254,4,0,0,0,1,0
1256,10,0,0,0,0,3
1260,3,0,0,2,0,0
1263,17,1,0,0,0,5
1264,2.5,0,0,1,1,0
1265,4,3,0,2,2,0.5
1266,4,0,0,0,1,0
1269,15,2,0,0,7,6
1273,7,1,0.0416,4,4,0
1274,1,.5,0,0,1,0
1276,15,5,0,10,0.5,0
1278,6,4,1,2,3,1
1281,5,2,0,2,4,5
1282,5,0,0,0,0,5
1283,10,0,0,3,5,20
1286,9,7,0,4,7,1.5
1292,9,3,0,1,4,9
1293,25,3,0,7,9,7
1294,4,0.5,0,0,3,1
1295,4,0,0,3,0,1
1296,20,.5,0,12,0,0
1302,7,0,0,7,0,3
1304,10,3,1,1,3,3
1305,5,1,0,3,4,2
1307,5,2,0,4,5,2.5
1311,15,1,0,1,0,10
1313,9,7,0,0,4,5
1315,15,5,0,5,1,5
1316,7,1,0,4,2,0
1317,6,.5,0,.25,1,6
1318,10,0,0,1,4,3
1321,7,0,0,3,2,1
1322,14,2,0,0,0,10
1325,3,0,0,1,3,0
1330,13,4,1,3,4,6
1331,20,5,0,2,4,15
1334,10,5,0,0.1,5,0.5
1341,10,3,0,6,3,0
1343,5,2,0.5,2,5,0.5
1347,2,0,0,2,2,1
1348,4.5,4.5,0,1,4,1.5
1350,10,1,0,1,10,3
1353,15,3,0,1,6,7
1355,18,10,0,4,5,9
1361,10,10,3,8,8,2
1365,4,4,0.5,0.5,4,0
1367,7,1,0,1,5,2
1371,8,5,0,8,5,2
1374,15,5,0,1,4,10
1377,8,8,0,8,2,3
1379,7,6,0,0,4,1.5
1385,2.5,1,0,0.5,1.8,0
1387,14,8,0,9,5,7
1388,4,0.5,0,2,1,1
1392,20,5,1,5,0,20
1393,2,0,0,1,1,0
1397,6,1,0,0,5,6
1398,14,2,0,0,4,10
1399,32,5,0,1,0,32
1401,5,0,0,1,2,3
1402,10,5,0,3,3,7
1404,7,0,0,3,0,0
1406,15,1,0,3,4,0
1407,10,1,0,0,4,7
1408,8,7,2,6,5,3
1409,6,2,0,6,1,0
1410,10,1,0,2,5,8
1412,20,4,0,0,0,10
1413,26,5,0,1,3,7
1414,30,1,0,0.5,0,30
1416,5,3,0,0,4,6
1419,8,6,0,0,4,4
1427,13,5,1,2,5,0
1431,2,1,0,1,0,2
1433,16,5,0,0,7,6
1434,5,0,0,0.5,6,5
1435,8,8,0,5,8,1
1437,3,0,0,1,0,0
1438,4,3,0,0,4,5
1443,8,4,0,1,4,3
1444,5,3,0,3,1,0
1445,5,0,0,0,0,10
1448,4,1,0,1,5,4
1451,0,0,0,0,2,1
1455,10,2,0,2,1,0
1457,19,11,0,3,3,14
1460,3,2,0,0,2,0
1461,15,6,0,0.5,0,9
1462,21,10,0,5,0,21
1466,2,2,0,2,1,0
1468,12,0,0,0,4,12
1471,6,5,0,1,5,4
1472,12,1,0,0,4,6
1475,3,1,0,1,3,10
1478,39,0,0,20,5,0
1483,0,0,0,0,1,0
1486,4,3,0,3,0,0
1488,3,0,0,0.5,0,0
1493,20,0,0,2,4,17
1500,22,5,0,8,5,16
1502,6,4,0,1,3,1
1503,6,2,0,0.2,5,0
1504,15,6,0,3,4,10
1506,3,2,0,1,2,0.5
1511,6,0.25,0.5,0,0,2.5
1515,4,2,0,1,4,0
1518,17,5,0,1,1,17
1519,4,0,0,2,0,0
1521,15,1,0,1,2,5
1522,10,8,0,0,4,6
1523,8,4,0,4,4,3.5
1533,10,3,0,5,3,1.5
1540,6,2,0,3,2,0.5
1553,10,0,0,4,3,0
1555,10,10,1,2,10,5
1561,5,3,0,0,2,1
1563,10,4,0,1,5,5
1565,13,2,0,2,8,3
1573,5,2,0,1,5,11
1575,8,7,0,0,6,3
1577,9,2,0,0,3,6
1583,6,5,0,0,3,0
1586,4,4,0,2,2,2
1587,20,8,0,1,5,15
1592,31,0,0,0,5,18
1593,22,2,0,0,1,8
1594,15,0,0,0,3,5
1597,6,0,0,1,5,3
1598,12,9,0,8,6,5
1599,15,2,0,6,0,4
1600,15,7,1,10,4,15
1601,30,0,0,12,1,0
1602,3,1,0,1,1,0
1605,4,0,0,1,0,0
1606,15,1,0,0,3,15
1607,12,2,0,2,5,1
1610,15,10,1,5,5,8
1611,15,3,0,0,3,10
1616,1,0,0,1,0,0
1619,6,6,0,3,4,1.5
1621,15,5,0,0,5,6
1627,10,2,0,0,3,6
1633,3,0,0,1,2,3
1641,11,3,0,1,5,6
1643,3,0,0,0.17,1,0
1644,4,4,0,2,2,.5
1645,10,2,0,0,6,6
1646,50,10,0,1,0,50
1648,4,4,0,3,4,2
1653,8,0,0,2,2,0
1654,10,2,0,1,3,7
1655,1,1,0,1,1,1
1656,5,1,0,1,2,0.5
1659,8,0,0,0,0,8
1660,8,3,0,3,3,1
1663,2,0.25,0,1,1,0.5
1665,2,1,0,1,0,0
1669,0,0,0,0,0,0
1677,6,2,0.1,2,5,0
1682,10,1,0,5,3,1
1683,19,0,0,0,0,12
1684,42,0,0,0,3,40
1693,4,0,0,3,0,3
1695,12,5,0,10,4,9
1696,2,0,0,0,0,0
1698,3,0,0,1,0,0
1704,30,10,0,4,4,18
1707,1,0,0,0,2,0
1708,35,14,0,0.5,6,18
1710,16,10,0,0,4,13
1715,10,6,0,6,5,0.5
1716,10,4,0,4,6,6
1718,4,3,0,0,3,4
1720,8,3,0,0,3,2
1723,15,6,0,0,4,6
1727,7,2,0,3,5,4
1728,9,0,0,0,3,9
1729,7,1,0,7,2,0
1735,2,2,0,0,3,0
1738,18,3,0,2,4,7
1743,10,1,2,0,0,3
1749,4,0,0,3,0,0
1751,12,11,0,1,6,12
1752,40,5,0,10,0,30
1754,5,4,0,2,5,1.5
1755,15,1,0,2,0,0
1764,2,.5,0,.5,1,0
1773,1,0,0,1,2,0
1778,0.5,0,0,0,0,0.5
1780,4,0,0,1,2,4
1782,1,0,0,1,0,0
1786,1,0,0,1,0,0
1787,8,4,0,1,4,15
1789,6,4,0.1,1,4,0
1791,9,0,0,0,2,1
1794,2,0,0,1,3,1
1795,12,.5,0,.5,3,5.5
1804,1,0,0,0.5,0,0
1805,6,0,0,0.5,0,2.5
1806,7,6,0,3,5,1
1807,5,0,0,1,1,0
1808,4,3,0,1,3,1
1813,4,1,0,3,4,1
1815,4,1,0,1,2,0.5
1816,5,0,0,0,3,6
1818,4,2,0,1,7,2
1821,5,3,0,1,2,0
1822,2,2,0,1,2,0
1828,4,3,0,0,3,1.5
1829,5,0.5,0,2,1,0
1831,20,2,1,2,0,16
1836,10,1,0,1,3,1
1838,3,0,0,0,0,0
1839,6,2,0,0,3,3
1842,2,0.5,0,0,4,1
1843,14,1,0.2,3,0,2
1844,6,2,0,0,0,5
1847,20,5,3,0,7,2
1849,4,2,0,1,2,0
1850,8,4,0,0,8,0.5
1852,10,0,0,0,0,6
1854,10,0,0,1,1,10
1855,27,0,0,0,6,22
1856,20,12,0,1,4,20
1863,13,1,0,0,4,1
1864,12,10,6,6,10,1
1867,24,14,0,2,4,10
1868,14,0.5,0,0,5,7
1871,15,1,0,3,4,10
1872,12,0,0,2,2,0
1876,3,1,0,2,1.5,0
1883,10,4,0,6,5,2
1894,35,0,0,0,6,35
1895,10,3,0,0.5,3,0
1896,6,4,0,0,5,5
1897,10,2,0,1,3,1
1899,5,2,0,4,1,0
1900,15,3,0,5,5,5
1904,25,8,4,4,4,5
1905,10,4,0,5,2,1
1906,0,0,0,0,0,0
1908,5,5,0,1,3,0.5
1909,3,0,0,2,3,0.5
1911,8,0,0,1,0,5
1914,2,1,0,2,0,0
1915,10,2,0,1,4,6
1916,10,1,0,5,5,10
1918,4.5,1.5,0,1,4,0.5
1919,10,3,0,0,3,10
1922,8,4,0,3,2,0
1925,7,1,0,1,5,0
1931,30,5,0,0,6,20
1933,3,1,0,0.5,3,5
1935,6,1,0,0,0,2
1936,6,0,0,4,0,0
1958,5,1,0,2,3,1
1960,5,1,0,2,4,2
1964,7,1,0,0,2,5
1965,3,3,0,0,0,0
1969,14,7,0,3,4,2
1971,9,5,0.5,7,2,1
1974,9,2,0,4,4,2
1983,7,4,0,4,4,0
1986,18,14,0,2,1,18
1987,9,3,0,0,2,0
1988,10,5,0,5,0,5
1989,12,2,0,3,4,7
1993,8,1,0,0,0,3
1994,1.5,0,0,.5,0,0
1995,11,1,0,1,2,0
2000,10,8,1,1,4,6
2004,13,4,0,0,0,0
2005,4,1,0,1,3,.5
2009,9,2,0,0,0,4.5
2011,19,4,0,8,5,14
2012,2,1,0,0,2,0
2013,13,0,0,4,2,2
2020,5,1,0,1,2,.5
2023,20,11,0,0,6,15
2027,20,10,0,1,5,20
2030,5,3,0,1,3,2
2034,6,2,0,0,0,3
2036,3,3,0,1,3,0
2040,3,0,0,2,0,0
2042,10,2,0,6,4,0
2046,2,0,0,2,2,15
2054,4,4,0,1,3,1.5
2057,8,2,0,1,3,1
2058,6,4,0,0.2,1,0.4
2059,15,8,0,5,5,0
2063,4,0,0,0,4,0
2064,40,15,0,0,0,35
2066,10,7,0,1,4,4
2069,7,0,0,0,5,7
2072,20,4,0,7,8,0
2076,5,1,0,0,4,1
2084,25,12,0,3,2,23
2085,15,14,0,0,4,8
2087,4,4,0,3,3,0.5
2088,10,3,0,5,6,6
2092,27,12,0,0,4,15
2093,5,3,1,0,5,1
2095,2,1,0,0.5,2,0
2099,13,13,1,10,4,10
2101,20,6,0,0,0,20
2114,10,2,0,2,0,1
2115,9,2,0,1,0,5
2122,7,7,0,1,4,6
2125,20,10,0,10,4,11.5
2126,10,1,1,1,2,12
2131,4,4,0,.5,3,.5
2133,10,5,0,0,0,0
2135,20,10,0,2,0,19
2138,8,0.5,0,1,2,0
2139,8,4,0,1,4,2.5
2140,2,1,0.2,1,1.5,0
2141,8,0,0.5,3,3.5,1.5
2142,8,8,0,2,0,8
2147,8,6,0,1,5,1
2150,30,20,9,20,7,10
2160,6,1,0,0,1,3
2168,5,0,0,0,0,3
2173,14,2,0,4,3,7
2175,13,2,0,0,4,9
2180,12,4,0,8,0,8
2182,3,0,0,0.5,0,1
2185,10,4,0,1,4,0.5
2186,3,2,0,1,4,2.5
2189,19,0,0,2,2,6
2190,28,12,0,0,0,12
2192,15,2,0,0,4,2
2193,14,8,0,4,5,13
2194,15,3,0,1,4,0
2195,3,0,0,1,3,1
2198,3,1,0,1,4,1
2202,10,0.5,0,0.5,1,1
2203,5,2,1,1,2,5
2204,10,3,0,2,2,0
2211,1,0,0,0.16,3,0
2214,15,3,3,1,6,10
2218,2,1,0,0.5,2,0
2223,20,10,0,4,1,13
2224,6,0,0,2,0,0.5
2231,4,0.5,0,2,0,0
2232,20,5,0,1,0,10
2233,15,2,0,1,1,15
2234,21,2,0,0,5,11
2236,10,7,0,3,8,5
2237,6,4,0,3,3,0
2241,20,10,0,1,2,5
2243,30,20,0,0,6,30
2244,7,2,0,4,2,1
2245,8,2,0,0.5,3,15
2247,8,1,0,0,0,8
2249,2.5,2,0,0.5,2,0
2257,28,12,0,2,0,11
2259,1.5,0,0,1,0,0
2260,3,1,0,0,2,.5
2262,6,3,0,0,2,1.5
2269,21,7,2,5,0,7
2270,17,1,0,0,4,11
2272,8,6,0,1,5,3
2274,6,1,1,0,2,0
2275,25,8,0,0,5,15
2279,5,1,0,2,3,1
2283,1,0,0,1,0,0.5
2284,7,2,0,5,3,0.5
2285,10,1,0,3,3,4
2286,1,.5,0,0,1,0
2287,15,5,0,4,4,6
2288,10,8,0,0,4,4
2293,0,0,0,0,1,0
2300,9,4,0,1,1,0
2303,7,2,0,4,2,7
2304,52,15,0,1,0,40
2306,6,0.5,0,4,2,3
2309,25,5,0,6,4,20
2310,10,2,0,2,3,0
2311,24,10,0,1,5,11
2313,2,0,0,0,1,2
2316,10,0.5,0,0.5,2,7
2318,7,5,0,2,2,6
2319,30,17,0,3,25,5
2321,10,2,0,4,4,6
2326,5,4,1,3,4,1
2329,8,4,0,1,4,4
2336,1,0,0,0.1,0,0
2340,5,2,0,0,2,.5
2345,1,0,0,1,0,0
2347,16,4,0,6,6,12
2349,20,0.25,0,125,125,18
2356,20,5,0,1,6,2
2361,6,1,0,2,4,1
2364,20,7,0,3,4,20
2368,41,3,0,2,3,34
2370,6,0,0,1,1,10
2371,25,0,0,5,10,0
2373,15,15,0,1,6,8
2374,12,5,0,1,4,8
2377,5,2,0,1,4,1.5
2381,2,0,0,0,0,0
2382,2,1,0,0,0,0
2383,15,7,0,5,0,10
2390,1,1,0,0,1,0
2396,15,0,0,0,4,11
2397,4,0,0,0.5,1,0
2402,3,1,0,2,2,0
2412,9,8,0,1,6,5
2413,1,0.3,0,0.5,2,2.5
2414,15,9,0,12,3,9
2415,12,3,1,0,4,2
2417,8,3,0,0,4,3
2419,9,9,0,1,5,4
2421,1,0,0,0.5,0,0
2430,15,5,0,2,5,6
2431,28,14,0,0,4,15
2432,12,2,0,1,4,11
2433,4,1,0,0,4,1
2434,12,8,0,3,0,12
2436,5,4,0,2,5,1
2438,15,1,0,0,4,6
2439,6,1,1,1,4,2
2444,2,0.2,0,0.2,1,0
2447,5,4,0,1,3,0
2449,1,0,0,0.5,0,0
2451,15,2,0,6,4,0
2453,5,2,0,2,2,5
2457,3,0,0,1,1,1
2462,5,1,0,0,4,3
2463,10,0,0,0,2,5
2466,6,6,2,1,3,3
2468,10,8,0,2,3,0
2471,3,3,0,1,3,0
2474,20,0,0,4,9,8
2478,20,14,0,0,4,50
2481,6,1,0,1,3,0
2483,20,0,0,0,5,10
2484,0,0,0,0,0,0
2485,20,4,1,1,4,10
2486,8,0,0,2,5,1
2498,5,4,0,4,3,0.5
2500,14,10,0,1,4,12
2501,10,10,0,1,4,8
2508,20,10,0,1,0,12
2510,15,3,0,1,1,10
2512,1,0,0,1,1,0
2516,7,5,0,.25,4.5,.5
2518,20,10,0,0,0,14
2522,2,0.5,0,0,0.5,0
2523,20,1,0,0,2,10
2524,12,2,0,0,2,11
2527,4,.5,0,0,0,6
2534,13,0,0,0,4,7
2542,20,15,0,0,6,5
2548,16,5,0,0,4,12
2549,7,5,0,1,4,2
2554,4,2,0,0,3,1
2559,7,5,0,0,4,1
2563,45,0,0,0,5,35
2570,20,15,0,4,4,14
2571,4,4,0,2,3,2
2572,8,1,0,0,4,2
2574,10,5,0,2,4,6
2578,10,0,1,0,3,20
2579,30,7,0,2,4,5
2581,8,1,0,1,2,6
2590,15,8,0,6,4,2
2591,20,16,0,0,4,14
2592,24,0,0,1,5,20
2594,9,3,0,1,3,1.5
2596,4,1,0,0,2,0
2598,7,1,0,3,1,0
2602,10,5,0,5,4,5
2605,6,2,0.5,1,4,0
2607,12,6,0,6,4,4
2610,15,10,0,4,6,3
2613,20,1,0,1,4,11
2614,20,2,0,1,0,20
2618,30,0,0,0,4,0
2621,7,1,0,1,0,0
2622,5,1,0,0,4,3.5
2623,15,6,1,3,4,8
2624,15,3,0,5,0,5
2630,8,0,0,2,3,0
2633,5,0.2,0.0,0.3,0,0.5
2635,6,2,0,4,1,0
2638,20,3,0,0,5,7
2640,11,3,1,6,1,5
2642,7,2,0,1,1,1.5
2650,30,0,0,1,0,18
2656,10,7,0,1,6,6
2657,6,4,0,0.5,2,0
2660,15,2,0,1,4,12
2662,16,12,0,1,4,12
2664,10,1,0,3,1,0
2665,7,1,0,6,8,3
2666,3,0,0,1,2,0
2667,20,3,0,0,0,10
2670,4,1,0,2,3,2
2673,4,2,0,3,4,3
2676,3,2,0,3,0,0
2677,12,10,0,1,5,8
2681,27,0,0,0,2,27
2683,7,1,0,1,5,3
2684,2,2,0,1,1,0
2686,20,0,0,1,5,17
2688,5,4,0,1,2,0
2689,28,0,0,0,8,14
2699,8,3,0,0,4,3.5
2702,15,5,0,5,5,3
2704,2,2,0,0,2,0
2707,16,6,0,1,3,10
2708,12,9,0,1,3,9
2711,32,15,0,10,0,26
2716,2,0,0,2,1,.5
2717,5,1,0,0,4,5
2720,21,10,0,0,5,12
2722,5,0,0,0,5,0
2725,5,4,0,4,4,2
2727,10,5,0,0.5,4,6
2730,5,3,0,1,5,3
2732,5,3,1,1,4,1
2734,10,7,0,1,4,8
2738,10,6,2,4,4,3
2740,15,0,0,5,2,15
2744,2,1,0,2,8,0
2746,15,10,0,2,4,10
2750,8,3,1,2,3,0
2753,8,6,0,5,4,2
2756,6,4,0,1,4,.5
2759,16,0,0,0,4,8
2760,25,0,0,10,6,2
2761,8,3,0,1,3,0
2762,5,2,.2,0,5,3
2763,8,1,1,3,4,4
2764,15,2,0,1,4,8
2766,2,1,0,1,0,0
2770,10,2,0,4,4,6
2771,4,3,0,1,3,.5
2773,35,10,8,0,6,25
2781,3,.2,0,0,3,1
2782,6,6,0,0,4,4
2787,4,3.5,0,0.5,3,3.5
2788,25,4,0,0,4,20
2789,4,4,0,2,3,3
2791,8,8,0,4,5,5
2792,16,14,0,1,6,14
2799,25,6,0,1,3,20
2803,3,2,0,3,3,0.5
2807,8,2,0,1,2,8
2814,8,1,0,.5,5,1
2817,21,0,0,10,3,11
2819,5,0,0,0,4,0
2822,5,1,0,3,4,0
2824,15,0,0,2,12,5
2825,16,2,0,2,0.5,16
2843,10,2,0,0,0,12
2844,13,1,0,0,3,5
2859,6,5,0,3,4,2
2864,7,4,1,4,3,4
2866,4,0,0,0,3,0.5
2870,2,1,0,2,2,0
2874,0.5,0,0,0.5,0,0
2878,3,2,0,0,1,2
2879,10,10,1,2,1,10
2880,14,2,0,0,2,12
2881,1,1,0,0,1,10
2884,6,1,0,1,5,1
2887,5,3,0,2,3,0.5
2890,10,0.5,0,0.5,4,5.5
2891,8,2,0,2,2,0.5
2892,4,1,0,2,0,0
2896,10,5,0.5,2,4,3
2898,4,1,0,4,3,1.5
2900,6,1,0,0,4,2
2902,5,2,0,0,3,0.5
2908,4,3,0,1,3,0.5
2911,10,2,0,6,0,5
2916,10,0,0,3,0,0
2919,6,1,0,0,3,2
2920,3,1,0,1,0,0
2921,7,5,2,2,4,3
2922,11,2,0,1,0,1.5
2927,5,3,0,1,3,1
2935,10,5,0,2,4,7
2936,5,2,0,3,4,1
2940,4,1,0,2,0,1
2947,17,10,1,6,4,10
2950,2,1,0,0.5,1,2
2951,5,4,0,0,4,4
2953,6,2,0,3,2,0
2961,4,2,0,0,2,0
2962,36,15,0,4,8,32
2966,10,1,0,1,4,0
2967,11,2,0,1,4,7
2970,18,4,0,1,4,2
2972,20,2,0,0,4,15
2974,20,12,0,1,4,16
2975,6,3,0,.5,6,2
2977,8,5,0,1,4,8
2981,20,15,0,1,10,8
2982,15,1,0,5,0,10
2983,15,8,1,6,10,3
2986,15,0,0,2,0,3
2988,10,1,0,1,4,5
2990,13,0,0,0,3,5
2992,7,7,1,2,7,1
2997,8,0.5,0,0.5,7,8
2998,1,0,0,0,0,0
2999,6,2,0,0,4,3.5
3008,25,1,0,7,4,13
3014,15,10,0,1,4,10
3015,10,1,0,1,0,1
3017,10,5,0,2,4,1
3022,6,1,0,1,6,0
3023,3,2,0,1,4,5
3025,30,0,0,0,4,25
3026,6,5,0,0.5,4,2
3028,30,5,0,0,4,15
3030,4,1,0,2,5,1
3031,10,9,0,3,8,0.5
3033,3,0,0,0,2,.5
3034,3,1,1,2,2,1
3035,5,2,0,0.5,0,0
3037,6,4,0,1,3,0
3040,6,5,0,1,5,0
3049,6,5,0,0,4,0
3052,10,0,0,0,0,10
3069,8,2,.5,6,4,1
3072,2,1,0,0.5,2,0
3074,5,2,1,3,4,2
3075,10,9,0,4,4,9
3076,10,1,0,3,3,10
3077,5,1,0,3,0,0
3083,3,0,0,1,0,0
3096,10,3,0,1,5,4
3097,8,3,0,0,5,4
3099,10,2,0,4,5,4
3101,15,0,0,1,0,8
3103,5,5,1,3,5,1.5
3105,20,5,3,3,3,20
3108,10,8,0,0,4,5
3110,4,1,1,1,3,.5
3112,15,0,0,0,4,10
3118,1,0,0,0,0,3
3125,10,5,0,5,5,10
3129,6,3,0,1,2,0
3130,18,0,0,2,0,6
3136,4,4,0,3,5,2
3140,4,3,0,1,2,.5
3141,18,10,1,2,1,15
3144,4,3,0,2,4,0.5
3147,20,5,0,1,4,15
3150,17,0,0,0,0,12
3151,10,5,0,4,3,0
3153,5,0,0,1,1,0
3156,5,1,0,2,0,0.5
3157,10,8,0,3,4,3
3158,6,5,0,4,4,5
3159,30,16,0,0,6,17
3160,10,8,0,1,4,0
3163,10,10,0,1,4,9
3167,0,0,0,0,0,0
3170,3,1,0,0,3,1
3171,2,0,0,0,1.5,1
3172,20,0,0,0,4,20
3179,10,3,0,1,4,0
3188,8,1,0,0,5,4
3192,6,4,0,1,3,1
3194,5,2,0,1,2,3
3195,20,0,0,1,10,0
3196,10,5,0,4,4,4
3202,20,1,0,10,0,4
3205,40,0,0,1,0,20
3207,10,2,0,4,0,0.5
3208,20,3,0,5,0,13
3209,16,10,1,6,4,6
3218,15,3,1,2,4,7
3221,15,1,0,1,0,15
3223,2,2,0,0,0,2
3226,8,3,0,3,4,3
3229,4,4,0,4,4,2.5
3234,5,0,0,0,4,1.5
3250,20,4,0,0,4,15
3257,12,10,0,3,5,9
3259,5,2,0,0,1,0
3262,5,0,0,2,2,2
3264,24,15,0,10,4,2
3266,12,3,0,1,4,2
3268,15,1,0,0,2,7
3275,5,1,0,1,0,1
3276,8,2,0,0,5,5
3282,45,2,0,18,0.5,40
3283,13,0.5,0,2,4,9
3285,4,4,0,2,2,0
3293,20,2,0,0,8,3
3296,4,0,0,1,2,0
3299,4,1,0,0.5,3,0
3301,15,0,0,5,6,10
3302,20,12,0,0,2,20
3303,8,4,2,1,6,2.0
3304,5,3,0,1,4,4
3307,20,10,0,0,0,20
3308,15,2,0,8,4,5
3312,15,2,0,0,3,0
3313,8,5,0,4,6,3
3314,1,0,0,0.5,2,0
3320,4,0,0,1,5,1
3328,4,4,0,2,2,0
3331,5,3,0,2,5,2.5
3332,10,2,.2,6,2,5
3333,0,0,0,0,0,0
3337,10,2,0,7,1,0
3340,12,11,0,4,4,8
3341,20,15,0,2,6,20
3346,20,10,0,4,0,16
3347,12,2,0,2,4,8
3356,4,0,0,1,1,1
3357,18,11,0,7,3,14
3359,8,0,0,0.5,4,6
3360,1,0,0,1,2,0
3363,4,1,0,1,4,1.5
3368,10,5,0,0,8,3
3370,6,6,0,1,6,2
3375,4,0,0,2,3,0
3379,15,3,0,4,6,12
3381,25,6,0,13,4,10
3384,7,2,0,2,1,0
3385,14,2,0,2,4,4
3391,11,10,0,2,5,5
3392,18,10,0,5,1,11
3394,7,4,0,3,3,1
3397,8,6,0,1,2,0.5
3398,2,2,0,0,1,0
3399,9,2,.5,0,2,.5
3404,5,4,1,2,4,0.5
3406,12,10,0,4,7,9
3411,7,4,0,3,4,1
3412,10,0,0,2,0,0
3416,8,6,0,3,5,3
3418,5,5,0,3,1,1.5
3420,10,4,1,5,2,1
3422,8,0,0,2,4,1
3424,10,8,0,0,0,12
3426,10,2,0,0,10,4.5
3428,11,2,0,1,2,12
3429,20,14,0,0,4,16
3430,20,0,0,6,0,3
3431,1.5,0.5,0,1,2.5,0
3439,10,0,0,0,4,5
3440,25,2,0,2,3,5
3444,6,6,0,4,3,2
3447,6,3,0,0,0,5
3449,5,1,0,0,4,1
3450,3,1.5,0,0.5,3,0
3451,25,2,0,10,5,20
3456,25,0,0,.5,2,25
3457,12,0.3,0,0.3,2,3
3474,5,1,0,1,1,4
3477,7,2,0,1,3,6
3479,6,.5,0,.5,5,3
3480,4,0,1,0,4,1.5
3491,10,7,0,1,5,6
3498,5,2.5,0,0,4,333
3500,22,0,0,3,0,6
3503,12,12,0,0,2,12
3508,6,1,0,1,1,0
3509,10,3,0,1,4,3
3511,3,1,0,0,0,0
3512,8,1,0,0,2,4
3514,3,0,0,1,3,0
3518,12,2,0,0,6,10
3525,12,4,0,0,4,12
3532,34,0,0,0,6,28
3533,15,0,0,0,4,10
3536,5,1,0,0.5,2,0
3538,2,0,0,2,0,0
3547,12,0,0,0,4,8.5
3550,15,12,0,1,4,15
3555,3,0,0,0,0,3
3570,6,0,0,0,3,6
3573,20,2,1,1,0,10
3576,2,0,0,0,0,2
3578,3,3,0,0,2,1
3579,30,5,0,1,7,14
3586,25,8,0,1,4,25
3587,6,1,0,1,5,1
3589,4,3,0,1,1,0
3592,3.5,3.5,0,1.5,3.5,.5
3593,25,1,0,0,4,9
3596,4,4,0,1,4,1
3597,5,1,0,.25,5,.5
3602,9,3,0,2,4,4
3606,3,2,0,0,2,0
3607,4,3,0,3,3,1.5
3609,6,3,0,1,3,2
3610,8,2,0,0,4,3
3612,12,1,0,4,0,0
3619,25,1,0,2,0,10
3620,2,1,0,1,0.5,0.5
3622,5,1,0,1,0,5
3623,20,10,0,2,9,8
3625,7,2,0,5,4,3
3627,8,2,0,0,4,8
3631,15,0,0,0,3,5
3633,30,0,0,0,6,18
3637,10,1,0,4,6,3.5
3641,7,4,0,3,2,0
3642,27,5,2,6,4,4
3644,20,0,0,0,5,6
3645,12,7,3,9,4,1
3648,30,14,0,2,5,18
3649,9,3,0,0,2,5
3650,1,0,0,0.2,2,0.5
3653,12,10,0,1,4,10
3654,5,2,0,1,4,2.5
3657,8,0.5,0,0,4,8.5
3659,5,0.5,0,0,6,0
3662,8,7,1,3,4,0.5
3664,17,10,0,2,0,10
3666,8,5,1,2,4,4
3669,4,2,0,0,3,1.5
3672,8,2,0,2,5,0.5
3673,2,0,0,0,0,0
3676,2,0,0,1,2,11.5
3677,6,1,0,1,1,1
3678,6,1,0,0,3,2
3679,20,1,0,0,6,15
3683,5,3,0,1,3,1
3685,33,6,0,2,4,28
3686,32,10,0,0,1,0
3689,2,0,0,0,0,2
3691,8,2,0,4,3,1
3696,25,2,0,0,3,25
3697,5,5,0,3,2,0
3700,9,1,0,1,3,6
3702,5,5,0,0,6,3
3703,10,1,0,0,4,10
3704,10,2,0,1,4,9
3711,7,1,0,3,5,5
3714,10,6,0,0,4,4
3715,4,2,0,0,2,0
3717,15,2,0,5,2,17
3719,7,2,0,1,4,6.5
3720,6,0,0,0,4,4
3723,3,1,0,0,1,0
3727,5,3,0,4,5,2
3728,15,2,0,4,4,12
3729,8,8,0,1,6,3
3732,10,5,0,7,4,5
3736,30,15,0,0,4,25
3738,14,6,0,2,3,10
3739,10,5,2,1,5,2
3743,17,2,0,1,4,15
3744,10,1,0,2,3,6
3753,0.7,0.7,0,0.01,0,0
3754,10,0,0,0,4,6
3757,2,1,0,1,3,0
3760,3,3,0,1,2,2
3764,14,4,0,1,2,0.5
3767,2,0,0,0,0,0
3768,33,1,0,4,0,0
3773,11,7,0,0,4,6.5
3776,30,0,0,1,0,30
3777,20,12,0,0,6,12
3778,4,1,0,1,0,1
3780,14,12,0,0.5,2,8
3785,5,1,0,1,4,.5
3798,9,5,3,4,4,5
3800,4,4,0,1,3,0
3801,17,7,0,2,5,10
3802,8,0,0,0,7,8
3803,4,1,0,0,2,0
3804,5,0,0,0,0,0
3814,1,.5,0,1,0,0
3815,10,1,0,3,4,3
3817,.5,0,0,.5,0,0
3820,12,3,0,1,4,12
3821,15,10,0,3,5,4
3822,5,2,0,1,2,1
3823,18,0,0,0.5,0,16
3830,1,0,0,0,3,6
3833,15,10,0,3,2,10
3835,13,7,0,2,4,4
3836,29,1,0,1,0,29
3838,7,1,0,0,4,7
3841,15,9,0,3,3,11
3844,1.5,0.5,0,1,4,0
3846,30,8,0,0,4,25
3848,13,1,0,0,3,15
3849,14,0,0,0,6,7
3851,10,4,0,3,3,1
3852,0.3,0.3,0,0,0.3,0
3853,32,12,0,12,6,24
3855,5,2,0,0,3,3
3858,7,2,0,2,2,2.5
3860,5,0,0,2,0,0.05
3863,8,4,0,1,3,4
3866,5,1,0,0.5,0,2
3869,25,10,0,0,4,25
3870,20,7,0,0,0,13
3874,8,4,0,2,4,4
3875,11,6,2,1,2,4
3876,20,1,0,0,0,15
3883,12,6,0,1,5,4
3886,4,3,0,3,3,0.5
3893,2,2,0,0,1,0
3894,8,1,0,2,4,4
3896,6,1,1,2,3,0
3899,10,1,0,1,5,0
3902,15,5,1,6,6,13
3906,1,.5,0,.5,1,0
3908,2,1,0,1,2,0
3909,9,1,0,1,5,4
3911,2,0,0,2,2,1.0
3916,4,4,0,1,3,0.5
3920,2,0,0,0.25,0,0
3924,5,2,0,2,0,2
3934,14,1,0,0.5,4,8
3935,1,0,0,1,0,0
3936,4,0,0,3,1,0.25
3938,20,0,0,1,0,10
3940,11,2.5,0,0.5,4,1.5
3941,20,10,0,2,5,10
3946,6,3,0,1,2,0.5
3952,10,5,2,2,3,1.5
3958,1,0.5,0,0.2,0,0
3965,5,0,0,3,0,0
3967,14,8,0,1,4,2
3975,10,6,0,1,4,5.5
3982,40,5,0,1,0,40
3983,3,2,0,1,1,0
3986,5,1,0,1,0,0
3997,15,5,0,5,4,15
4005,10,9,2,7,8,2
4010,24,5,0,5,4,20
4011,10,3,0,1,1,0
4013,7,2,0,1,4,0
4015,5,5,0,2,2,0
4018,4,1,0,1,4,2
4024,15,3,0,10,4,6
4026,18,9,0.33,5,6,20
4027,10,2,0,4,2,10
4030,10,10,0,1,7,10
4031,6,3,0,0,2,3
4034,13,10,0,2,5,14
4038,1,0,0,0,2,4
4039,1,0,0,0,4,0.5
4043,10,1,0,2,4,0
4048,10,3,0,10,4,1
4050,22,0,0,5,2,16
4051,9,5,0,2,4,2.5
4099,7,0,0,1,3,0
4101,8,4,0,0,4,1.5
4103,5,3,0,3,5,2.5
4104,12,10,2,6,10,4
4105,3,2,0,0,4,1.5
4106,5,1,0,5,4,2
4109,9,9,0,1,4,4
4110,5,4,0,1,4,2
4114,5,5,0,2,5,.5
4115,11,3,0,0,6,6
4116,10,1,0,1,4,6.5
4120,15,1,0,1,4,15
4128,5,3,0,.5,0,0
4129,40,3,0,0.5,5,25
4130,3,2,0,2,2,1.5
4133,20,1,1,1,3,20
4134,4,4,0,0,3,0
4135,5,1.5,0.5,0.5,4,2
4136,2.5,2.5,0,0.5,2.5,0
4142,15,10,0,10,4,6
4143,5,0,0,0,4,0
4144,8,8,0,1,5,8
4146,5,1,0,0,5,3
4148,35,10,0,1,4,13
4149,15,5,0,6,0,5
4152,10,7,0,2,4,4
4154,10,3,0,0.25,4,5
4155,14,0,0,1,5,10
4156,15,1,0,8,0,10
4157,7,4,0,1,6,1
4158,14,13,0,10,4,10
4159,5,5,0,1,2,1
4160,5,3,0,1,2,3
4162,5,1,0,2,4,3
4164,3,0,0,.5,3,0.5
4165,14,1,0,1,4,1
4167,8,6,1,1,3,0
4170,21,13,0,1,10,6
4171,7,1,0,3,0,0.5
4175,0,0,0,0,0,0
4178,10,0,0,0,3,1
4179,10,3,0,3,3,0
4180,10,7,0,0,4,3
4181,5,1,0,3,3,1
4186,10,7,0,4,5,4
4189,10,1,0,0,0,0
4194,21,1,0,4,2,17
4195,11,0,0,2,5,10
4198,4,2,2,3,4,1.5
4200,3,2,0,.25,2,.5
4203,35,1,1,5,2,32
4204,7,1,2,1,4,1
4205,2,0,0,1,2,0
4206,0,0,0,0,0,30
4209,6,5,1,1,4,3.5
4212,15,2,0,0,2,0
4216,35,4,0,4,0,35
4217,5,2,0,1,3,1.5
4219,22,0,0,0,4,15
4220,12,2,0,0,4,7
4224,25,0,0,1,9,5
4226,10,0.1,0.01,0,0,4
4232,5,5,0,2,3,0.5
4233,20,1,0,0.5,0,15
4234,25,0,0,0,2,12
4235,9,1,0,0.5,5,9
4237,2,0.1,0,2,0,0
4241,15,10,0,2,4,8
4243,0,0,0,0,0,0
4248,31,10,1,2,4,27
4253,22,3,0,10,3,12
4256,3,0,0,3,2,0.5
4257,15,0,0,5,9,5
4260,5,1,1,1,5,1
4262,15,0,0,10,2,12
4269,25,10,0,2,5,11
4274,5,5,0,1,3,0
4276,10,2,0,1,7,2
4278,10,2,0,2,6,3
4290,15,5,2,6,4,7
4291,17,4,0,6,4,13
4293,5,2,0,0.25,4,0
4294,15,1,1,1,0,5
4298,5,3,0,0,1,3
4299,6,2,0,1,1,2
4300,25,0,0,0,0,20
4304,15,1,0,10,7,10
4308,30,0,0,2,4,21
4313,5,5,0,0,4,5
4314,1,1,0,0,1,0
4322,33,1,0,0,3,28
4324,9,7,0,2,4,7
4326,4,0,0,1,4,2
4333,8,8,0,1,4,.5
4334,6,1,0,1,0,6
4336,7,5,0,0,4,7
4337,9,1,0,7,4,3
4340,15,10,1,3,5,10
4344,8,5,0,0,4,7
4349,12,8,0,0,3,0
4353,26,1,0,1,2,12
4354,1,1,0,0.5,0,0
4356,40,10,0,2,0,10
4357,7,6,0,3,4,4
4358,6,3.5,0,.5,4,.5
4363,12,5,0,4,4,11
4365,15,1,0,0,1,14
4366,2,1,0,1,1,0
4367,8,5,1,2,5,3
4372,8,0,0,2,4,2
4375,2,1,0,1,5,1
4381,10,4,0,8,4,0
4382,4,4,0,1,4,0
4386,6,3,0.1,3,2,0.5
4388,8,0,0,0,1.5,0
4389,8,0,0,5,4,4
4391,5,5,0,2,4.5,1
4393,3,1,0,3,0,0
4401,9,1,0,0.5,0,9
4406,4,3,0,0.5,1,0.5
4407,1.5,1.5,0,1,0.5,0.5
4408,1,0,0,1,0,0
4411,5,2,1,1,2,0.5
4413,25,8,0,4,4,0
4414,20,14,0,0,1,5
4416,4,1,0,1,2,3
4417,15,1,1,6,0,5
4418,2,0.3,0,0.3,2,0.5
4419,30,10,0,0,3,30
4420,18,11,0,1,4,18
4423,20,10,3,5,6,10
4424,20,5,0,5,3,17
4426,15,10,0,5,4,10
4428,20,0,0,0,4,20
4435,2,0,0,0,1,0
4439,5,4,0,1,4,1
4441,15,12,0,8,6,2
4451,3,3,0,0.5,4,1
4453,3,3,0,0,3,0.5
4457,5,1,0,2,2,.5
4466,16,4,2,1,4,12
4468,8,.5,0,1,4,0
4473,20,5,0,2,4,12
4477,4,3,0,0,2,0
4482,20,12,0,4,4,7
4483,8,8,0,1,3,5
4484,10,7,0,6,6,1.5
4489,5,2,0,2,3,0
4490,10,0,1,2,4,4
4496,33,12,0,13,8,17
4497,1,0,0,1,0,0
4507,15,5,0,10,8,12
4518,7,4,0,0,3,.5
4519,10,1,0,4,3,8
4524,10,4,0,0.25,4,2
4525,10,5,0,1,5,5
4527,4,2,0,0,2,2.5
4530,20,1,0,0.1,0,9
4534,40,15,0,5,0,40
4535,10,1,0,1,2,2
4537,10,7,0,0,3,7
4538,15,13,0,0,4,14
4542,5,1,0,5,3,3.5
4545,3,1,0,2,3,1
4548,6,4,0,1,4,1
4549,25,11,0,0.2,4,23
4550,12,3,0,5,5,7
4552,0,0,0,0,0,0
4562,5,1,0,0,3,4
4569,10,5,1,5,4,0.5
4578,3,1,0,0.5,0,5
4579,7,7,3,3,5,6
4585,2,1,0,1,0,0
4587,4,1,0,4,2,0
4588,6,1,0,3,0,0
4595,8,3,0,0,4,1
4599,10,7,0,3,4,10
4602,25,2,2,4,12,15
4605,1,0,0,1,.5,0
4607,4,3,0,0,3,3
4608,34,3,0,1,0,28
4610,12,2,0,3,5,5
4611,5,3,0,1,4,5
4612,1,0,.3,1,0,1
4615,18,8,0,2,0,15
4619,5,3,0,4,2,0.5
4623,5,2,1,1,0,2
4625,25,1,0,1,2,23
4626,1.5,0,0,.5,0,.5
4628,15,3,0,0,0,14
4633,21,0,0,2,4,18
4635,6,4,0,1,4,3.5
4639,5,2,0,0,4,3
4641,30,0,0,3,7,22
4642,9,5,0,0,4,5
4645,10,10,0,5,4,6
4648,23,5,0,1,2,10
4650,30,1,0,5,3,30
4651,14,1,0,0,0,10
4653,7,7,0,0,5,0
4654,3,.5,0,1,2,1
4655,12,1,3,2,6,4
4666,27,3,0,0,4,27
4667,2,0,0,0,4,1
4669,15,7,0,2,4,4
4670,5,4,0,3,3,0
4674,17,1,0,0,1,12
4675,6,1,0,2,1,0
4685,2,0,0,0,4,0
4689,15,15,0,10,0,10
4690,11,6,0,1,11,5
4696,8,1,0,2,4,4
4700,3,2,0,2,3,1.5
4705,10,1,0,0,2,4
4707,15,11,0,6,5,12
4709,8,2,0,1,6,2
4712,25,2,0,0,4,22
4713,0,0,0,0,0,0
4714,5,5,0,0,4,1
4717,11,0,0,0,0,11
4719,12,1,0,4,4,8
4721,30,10,3,6,7,1
4722,13,1,0,3,3,2
4724,25,15,0,0,3,13
4725,14,1,0,2,4,14
4727,14,8,2,1,3,0.5
4728,20,0,0,1,4,15
4730,5,5,0,1,3,2.5
4732,7,0,0,0,2,0
4735,18,10,0,1,1,13
4736,10,3,0,0,5,7
4737,12,10,0,4,4,8
4738,20,15,3,5,5,18
4750,2,0.5,0,0,1.5,0
4756,20,8,0,4,2,11
4758,4,1,0,0,1,1
4759,13,6,2,3,4,6
4760,40,1,0,2,3,40
4769,11,6,0,3,5,2
4771,5,1,0,1,0,0
4777,12,2,.5,0,4,8
4778,25,10,0,0,4,21
4781,20,1,0,2,6,7
4788,15,3,0,0,4,10
4795,15,0,0,0,5,13
4796,5,2,0,3,1,1
4798,3,3,1,1,3,0
4802,3,1,1,2,1,0.5
4805,12,2,.1,2,11,1.5
4806,5,4,0,0.5,2,0
4810,2,2,0,1,0,0
4812,25,1,1,1,5,12
4813,10,0,0,1,4,0
4814,19,5,0,3,3,5
4820,2,1,0,1,2,.5
4821,20,0,0,0.2,8,18
4822,5,1,0,1,4,1.5
4824,45,25,256,56,10,35.5
4825,12,9,0,4,5,1.5
4828,40,15,0,4,0,35
4832,10,2,0,4,0,5
4834,5,0,0,0,5,1
4836,13,1,0,1,0,0
4837,24,10,0,10,5,12
4838,17,4,0,10,4,10
4840,20,15,0,1,4,15
4841,10,5,0,3,3,2
4844,18,0,0,1,0,0
4848,18,0,0,0,2,17
4851,10,1,0,0,4,6
4853,5,1,0,2,0,0
4856,5,5,1,2,4,.5
4863,8,8,0,4,4,6
4865,29,2,1,0,4,12
4867,17,13,0,0,5,1
4869,5,1,0,2,4,1.5
4872,18,14,0,0,3,18
4874,0.5,0,0,0.1,0,0
4876,11,2,0,11,6,2
4882,10,1,0,0,1,6
4886,7,0,0,0,6,3
4890,14,12,0,2,0,14
4891,2,2,0,0,2,0.5
4892,15,2,0,4,3,7
4897,28,10,0,0,3,14
4901,4,4,0,1,4,0
4902,8,3,0,0,0,4
4903,12,6,0,1,3,9
4906,8,1,0,2,1,2
4909,20,1,0,0,0,10
4911,5,3,1,2,3,0.5
4912,25,10,0,1,2,20
4914,12,2,0.5,0.5,10,4
4915,15,8,0,2,5,10
4916,30,3,0,3,4,25
4917,15,0,0,0,7,0
4920,2,1,0,1,2,0
4923,10,2,0,3,6,3
4924,12,1,0,1,4,8
4925,7,1,0,1,2,0
4926,8,1,0,1,3,0
4927,7,2,0,1,4,0.5
4928,3,1,0,2,1,.5
4929,12,2,0,0,3,6
4930,6,3,0,5,3,1
4931,5,3,0,2,3,1.5
4934,7,1,0,3,4,4
4936,10,0,0,3,4,0
4937,15,10,0,2,5,11
4938,6,3,0,.5,4,0
4942,6,1,2,5,5,3
4943,8,2,0,4,1,0
4947,25,10,0,1,2,10
4948,27,5,1,8,10,7
4952,5,3,0,5,4,1.5
4955,15,0,0,12,4,12
4958,9,1,0,1,0,8
4962,5,0,0,0.2,5,2
4964,28,12,0,0,3,10
4965,12,2,0.5,1,6,4
4967,20,12,0,0,4,14
4969,5,4,0,3,5,3
4972,15,1,0,0,6,10
4974,8,7,0,2,4,4
4975,9,2,0,3,8,1
4984,2,0,0,2,2,10
4986,5,2,0,2,3,0.5
4990,34,0,0,5,2,12
4991,1,0,0,0.2,0,0.5
4993,6,6,0,0,6,6
4998,20,5,0,1,0,10
5001,8,5,1,3,4,3
5002,7,7,0,0,3,3
5004,10,0,0,1,3,8
5005,30,0,0,2,0,30
5007,2,2,0,1,2,0
5008,20,10,0,1,2,15
5009,1,1,0,1,3,0
5010,14,10,0,0,6,7
5016,5,1.5,0.1,0.2,5,1.5
5018,3,1,0,0.5,1,0
5021,12,5,3,8,4,7
5031,30,12,0,10,4,22
5032,13,7,2,1.5,5,3
5033,2,1.5,0,0.5,0.5,0
5037,15,12,0,1,5,12
5038,40,0,0,15,0,30
5039,7,2,0,1,5,3
5043,25,1,0,2,4,15
5044,10,1,0,1,5,5
5048,8,8,0,0,5,8
5049,25,2,0,15,5,13
5053,4,0,0,3,0,0.5
5057,8,2,0,1,3,0
5060,5,2,0,0,1,1
5065,13,10,0,0,5,8
5066,8,6,0,7,5,2
5072,0,0,0,0,0,0
5073,10,4,0,3,4,10
5075,10,2,0,0,2,0
5076,5,4,0,3,5,3.5
5077,1,0,0,1,1,0
5078,1,0,0,1,0,0
5079,27,.1,0,.25,3,25
5082,9,9,0,0,5,0
5089,10,8,0,2,2,8
5091,10,4,0,1,4,0
5096,0,0,0,0,0,0
5098,10,5,1,1,6,5
5099,0,0,0,0,0,1
5101,5,2,0,2,3,1.5
5102,20,10,0,5,8,10
5103,8,6,0,1,2,4
5105,7,2,2,1,2,1
5110,8,1,0,5,4,2
5111,15,10,0,2,4,5
5113,4,1,0,1,0,4
5117,2,0,0,0,2,0
5118,5,4,0,0,4,4.5
5119,5,0,0,0,0,0
5122,7,5,0,2,4,2
5126,28,14,0,12,5,11
5129,15,5,1,4,5,7
5131,2,1.5,0,1,1,0
5136,13,0,0,0,0,4
5137,12,2,0,0,6,5
5142,6,4,0,1,4,2
5145,3,1,0,0,4,1.5
5146,4,1,0,1,2,2
5148,13,6,0,0,0,0
5149,7,2,0,0,5,4
5154,8,1,0,0,4,5
5156,15,5,0,5,0,6
5164,17,10,0,4,0,14
5167,7,2,0,1,4,4
5169,1,1,0,.2,1.4,0.5
5171,13,8,0,6,0,0
5174,2,0,0,1,4,1
5177,5,3,0,1,4,1
5180,15,5,1,11,4,1
5183,15,1,0,1,2,5
5188,15,2,0,1,0,10
5193,10,6,0,5,4,0
5194,8,1,0,1,0,5
5195,30,0,0,0,3,26
5197,2,1,0,1,1,0
5199,16,10,0,1,2,15
5201,7,2,0,3,0,0.5
5202,4,1,0,1,1,0
5205,14,12,0,2,4,0.5
5210,15,7,1,3,3,8
5214,3,2,0,0,4,2
5216,3,1,0,0,1,0
5217,12,10,0,0,5,9
5221,3,0,0,1,4,10
5223,6,4,0,3,4,2
5229,10,0,0,0,0,8
5233,2,0,0,0,3,0
5239,15,0,0,1,4,15
5245,3,1,0,.5,3,.5
5247,20,10,0,.5,0,0
5248,2,1,0,1,0,0
5250,20,12,0,1,3,0
5253,3,0,0,0,1,5
5255,12,2,0,0.5,8,2
5260,1,0,0,1,0,0
5262,6,3,0,6,3,0.5
5270,15,0,0,0,3,11
5271,35,10,0,0,7,35
5284,10,5,0,7,5,1
5292,2,0,0,1,2,0
5293,7,0.5,0,2,2,0
5294,6,2,0,2,4,2.5
5299,15,3,1,1,12,3
5303,14,1,0,1,5,12
5304,9,2,0,1,7,1.5
5311,28,6,0,5,10,22
5312,1,1,0,0,3,0.5
5314,3,2,0,0.5,2,0
5316,5,0,0,3,2,1
5318,9,0,0,2,8,8
5319,3,2,0,1,1,0
5321,13,6,0,1,5,8
5323,20,0,0,1,4,20
5327,15,12,0,2,4,12
5335,5,2,0,4,2,1
5336,25,1,0,1,1,25
5339,15,10,0,1,5,10
5340,20,18,0,1,9,2
5341,10,2,0,0,5,6.5
5342,10,0,0,0.25,0.75,10
5345,6,2,0,0,0,2
5348,12,7,0,1,5,7
5351,25,0,0,1,0,0
5352,10,7,0,5,5,5
5353,3,1,0,1,0,0
5357,6,4,0,0,4,3
5358,6,1,0,0,0,8
5365,2,2,0,0.3,4,1
5366,6,2,2,4,5,3
5368,20,2,0,1,4,0
5370,10,2,0,0,4,20
5374,5,5,0,2,2,0.5
5381,3,2,0,1,1,2
5382,28,2,0,3,3,20
5383,1,0.5,0,0.5,1,0.5
5385,4,2.5,0,6,4,4
5386,20,0,0,1,2,20
5387,10,0,0,3,5,0
5396,32,0,0,2,4,25
5397,6,1,0,0,4,5
5405,11,10,0,0,4,10
5406,10,.5,0,1,1,0
5411,4,0,0,0,0,0
5413,20,12,0,1,4,10
5418,10,2,0,5,0,7
5427,4,4,0,1,1,0
5428,0,0,0,0.5,0,0
5431,17,4,0,1,4,12
5432,4,2.5,0,0.5,3.5,0
5435,30,1,0,1,4,25
5438,12,10,0,3,1,12
5442,35,10,0,1,4,25
5443,6,2,0,1,4,1
5444,15,8,0,3,5,2
5445,1,0,0,1,0,0
5447,2,1.5,0,0.1,0,2
5448,20,14,0,2,4,14
5451,10,0,0,1,3,15
5453,2,1,0,1,2,0
5455,9,3,2,1,2,7
5458,7,4,1,2,3,2
5460,2,0,0,1,4,0
5462,2,2,0,1,1,0
5463,4,1,0,0.5,3,0
5469,5,1,0,0.1,2,3
5472,2,1,0,1,4,0.5
5473,10,0,5,5,4,2
5474,5,3,0,5,0,1
5481,6,0,0,0,1,0.5
5482,6,3,0,0,4,0
5485,35,0,0,1,4,26
5488,6,4,0,0,8,0
5489,20,.5,2,10,1,8
5492,10,3,0,3,0.5,0
5493,12,4,0,1,0,10
5494,1,0.5,0,1,0.5,0
5495,2,0,0,1,0,0
5497,26,1,0,.5,4,23
5498,20,2,0,5,0,20
5502,12,5,0,1,5,7
5505,5,0,0,1,2,2.5
5509,4.5,3,0,0.5,0,0
5512,1,0.5,0,1,2,1
5513,5,5,0,4,4,0.5
5516,3,1,0,2,2,0.5
5517,10,5,0,1,5,5
5520,12,0,0,0,3,7
5521,4,0,0,1,4,0
5522,5,0,0,1,5,0
5527,5,1,0,2,2,0.5
5528,11,1,0,1,0,5
5530,1,1,0,2,1,0
5547,0,0,0,0,0,0.5
5548,25,4,0,1,2,2
5550,12,3,0,0,4,7
5551,4,4,0,1,4,3
5552,1,.5,0,.5,.5,0
5553,10,4,0,0,1,10
5554,1,1,0,0,0,0
5555,15,10,0,5,3,15
5557,10,8,0,3,4,2.5
5558,1,1,0,.2,1,0
5559,8,0,0,1,2,6
5560,14,7,0,3,0,5
5566,5,0,0,0,2,0
5567,15,12,0,1,4,12
5570,4,0,0,1,0,0.5
5571,8,0,0,3,0,8
5574,15,1,0,5,2,10
5579,45,2,0,0,6,35
5580,25,.5,0,1,0,25
5581,3,1,0,1,1,0
5584,1,0.5,0,0.1,0,0
5585,0.5,0,0,0.5,0,0
5587,4,3,0.1,2,3,0.5
5590,7,5,0,1,4,1.5
5594,13,7,0,1,5,10
5595,40,0,0,0.5,1,40
5597,1,0,0,1,0,0
5599,15,7,0,5,4,12
5601,4,0,0,3,0,0
5602,11,8,2,2,6,7
5603,5,5,0,1,5,1
5604,30,2,0,6,7,15
5605,10,0,0,1,3,6
5606,10,0,0,0,4,5
5609,14,1,0,1,4,9
5617,5,3,0,1,4,2.5
5618,3,1,0,1,2,1
5620,0.5,0,0,0.5,0.5,0
5622,30,15,0,0,4,23
5625,5,1,0,1,5,0.5
5629,9,4,0,3,4,5
5632,8,0,0,3,0,1
5633,3,3,0,1,1,3
5634,1,1,0,1,1,0
5635,1,0,0,1,0,0
5636,32,12,0,1,2,23
5637,3,3,0,0,3,.5
5638,2,.5,0,1,2,0
5640,10,5,0,1,4,10
5641,1,0.1,0,1,0,0
5643,8,7,0,0.15,6,0
5645,4,3,0,1,3,0
5647,25,2,0,3,1,20
5648,11,8,0,5,5,7
5649,10,2,0,1,4,3
5650,12,0,0,1,5,5
5651,3,1,0,1,1,3
5654,.5,0,0,.5,0,0
5655,0.5,0,0,0.5,0,0
5656,30,10,0,2,4,30
5664,10,2,0,0,0,2
5666,16,6,0,3,4,8
5667,2,2,0,1,2,0
5668,5,2,0,3,4,1
5669,5,.5,0,0,4,5
5670,3,0,0,1,4,2
5672,4,3,0,1,3.5,0
5674,4,0,2,1,5,0.5
5676,13,3,0,5,4,7
5679,0.5,0,0,0.5,0,0
5681,8,1,0,1,2,0
5683,25,8,0,10,5,20
5688,4,0,0,1,5,6
5693,7,0,0,4,0,6
5694,4,4,0,0.5,1.5,0
5695,40,6,0,0.5,5,40
5696,20,15,0,1,0,15
5697,18,1,0,0,4,9
5701,3,1,0,1,2,0.5
5703,22,10,0,4,4,12
5705,20,0,0,10,0,0
5706,6,0,0,1,3,1
5707,0.2,0,0,0.2,0,0
5708,5,2,0,0.25,3,0
5709,1,0,0,0.3,4,1
5714,1,0.5,0,0.5,0.5,0.5
5715,2,1,0,2,2,0
5716,20,10,0,0,0,20
5717,5,3,0,3,0,5
5718,13,10,0,1,5,7
5719,8,8,0,1,5,3
5720,1,0,0,1,1,0.5
5721,10,0,0,1,5,10
5723,6,3,0,1,3,3
5724,8,5,0,3,4,3
5727,0,0,0,0,0,0
5729,3,2,0,0,3,0
5734,10,0,0,1,0,0
5735,10,5,0,3,5,4
5738,16,10,0,1,4,16
5739,10,5,0,1,6,4
5741,1,1,0,1,1,0
5742,8,0,0.5,0.5,5,5
5743,0,0,0,0,0,0
5744,10,1,0,0,2,0
5745,1,0,0,1,0,0
5750,16,10,0,5,1,0
5752,18,10,0,1,5,3
5753,5,0,0.5,0.2,0.5,0
5755,1,0,0,0.5,0,0.5
5760,20,0,0,1,4,20
5761,5,4,0,1,3,3
5766,15,7,0,3,4,8
5769,5,1,0,3,3,7
5770,3,1,0,2,0,0
5771,4,3,0,1,2,0
5773,2,0,0,2,2,0
5774,3,1,0,0.5,2,1
5777,17,12,0,0,4,12
5781,15,0.3,0,0.5,0,12
5782,15,10,0,1,10,2
5784,5,0,0,1,1,0.5
5785,.5,0,0,.5,.5,0
5791,5,0.5,0,5,2,3
5793,4,2,0,0,5,1
5794,12,2,0,0,4,6.5
5795,0.3,0,0,0.3,0,0
5796,10,2,0,1,4,6
5798,4,1,0,1,2,3
5799,2,0,0,1,0,0
5800,5,0,0,0.5,5,1
5801,0,0,0,0,0.5,0
5804,3,0,0,2,1,2
5805,3,2,0,1,4,2
5806,6,6,0,4,4,5
5808,1,0,0,0,1,0
5809,5,0,0,3,0,3
5810,15,0,0,2,4,0
5811,13,1,0,1,6,9
5815,8,1,0,1,3,9
5816,1,0.5,0,0.3,2,0
5817,30,1,0,2,3,25
5819,3,1,0,2,1,3
5820,0.5,0,0,0,0,0
5824,6,5,0,1,4,.5
5825,25,1,0,1,5,3
5827,25,5,0,3,0,16
5829,11,8,3,3,6,3
5831,5,5,0,1,3,0.5
5832,0,0,0,0,0,0
5835,13,1,0,0,2,2
5837,32,0,0,1,5,5
5843,6,1,0,2,4,3
5845,6,3,0,0,4,1
5846,1,0,0,0,0.5,0
5850,3,0,0,3,6,3.5
5852,15,1,0,0.5,5,1
5854,5,2,1,3,0,0
5857,8,8,0,1,5,7
5866,21,6,0,4,4,17
5871,7,0,0,0.5,0,0
5872,30,0,0,17,5,16
5876,10,2.5,0,0.5,2,0
5877,16,0,0,0,0,16
5880,14,0,0,1,4,10
5882,4,3,0,1,4,0
5887,8,6,0,0,4,0
5890,10,9,0,3,5,0
5892,8,0,0,1,5,5
5893,4,0,0,1,3,1
5895,6,1,0,1,2,6
5900,2,1,0,0.6,0,0.5
5901,3.5,3,0,1,0,3.5
5902,2,1,0,0.5,2,0
5903,20,0,0,3,6,14
5904,15,1,0,6,4,13
5905,20,0,0,0,5,12
5907,10,5,0,7,4,0.5
5909,8,8,0,1,6,0
5914,20,12,0,0,3,15
5918,2,2,0,0,2,1
5920,7,0,0,0,5,8
5924,4,1,0,1,1,0
5928,20,9,0,0,2,14
5932,22,12,0,0.5,5,15
5933,5,0,0.1,0.5,2,0
5935,2,0,0,0,0,2
5937,8,2,0,4,2,3
5939,5,4,1,1,2,0
5941,30,0,0,1,3,6
5943,5,4,0,0,4,0
5944,9,3,0,0,4,6
5948,10,5,0,1,6,3
5949,5,3,0,0,6,0.5
5951,8,2,0,6,0,0
5952,1,0,0,1,1,0
5955,7,3,0,1,5,5.5
5956,5,0,0,1,2,4
5957,7,1,0,1,4,0.5
5959,7,0.5,0,0.5,2,0
5961,8,0,0,0,5,3
5963,12,8,0,6,5,3
5964,15,3,0,0,2,12
5965,20,0,0,1,5,15
5968,7,6,0,4,4,0.5
5971,1,0,0,0,2,1
5973,6,1,0,1,5,0
5974,4,1,1,1,4,2
5977,10,1,0,0,5,4
5980,4,2,0,1,4,0
5986,3,2,0,1,4,5
5990,3,0,0,0.5,0,0
5991,3,3,1,1,4,1.5
5996,1,1,0,1,3,0
5997,10,1,0,2,1,2
5999,7,0,0,2,4,0
6000,0,0,0,0,0,0
6005,0,0,0,0,0,0
6008,3,2,0,2,2,0
6016,7,4,0,0,6,1.0
6018,6,1,0,1,3,0
6020,1,0.5,0,0.2,2,0
6022,0.5,0,0,0.5,0,0
6024,1,1,0,0,1,0
6028,8,8,0,1,4,8
6031,5,0,0,3,4,0.5
6032,15,10,0,1,8,6
6038,1,0,0,1,0,0
6042,15,2,2,10,2,6
6047,3,0,0,0.25,0,0
6048,9,1,0,0.5,4,6
6050,5,4,0,1,0,0
6051,1,0,0,0.5,2,0
6052,4,3,0,1,4,0.5
6053,20,15,0,0,4,17
6058,17,2,0,2,0,17
6060,7,1,0,0,4,17
6062,5,3,0,1,5,0
6065,10,1,0,8,2,1
6067,10,1,0,0,5,0
6070,45,0,0,1,0,45
6071,14,14,0,0,0,15
6074,1,1,0,2,2,0
6077,2,1,0,1,0,0
6082,20,3,0,1,0,7
6083,7,1,0,2,2,5
6085,25,10,0,2,8,2
6086,20,7,0,1,4,14
6087,12,11,0,1,4,10
6089,7,0,0,2,2,0
6090,2,1,0,.5,2,0
6091,16,0,0,0,2,6
6092,1,0,0,0,0,0
6093,5,0,0,3,3,3
6094,16,1,0,0,3,9
6095,.5,.2,0,.5,1,0
6096,0.5,0,0,0.5,2,0
6097,7,4,0,2,3,1
6100,1,0,0,1,0,0
6102,8,2,0,0.5,0,14
6103,1,0,0,1,0,0
6104,40,2,0,1,5,45
6109,30,0,0,0,0,0
6112,15,1,0,1,1,2
6113,18,3,0,1,8,15
6117,20,3,0,0.1,0.1,0
6118,20,0,0,0.3,3,0
6119,2,3,0,0,3,1
6122,20,7,0,1,0,5
6123,3,0.5,0,0.1,1,0
6126,1,0,0,1,1,0
6131,3,1,0,0.2,0,0.3
6132,13,7,0,1,5,3
6134,15,0,0,.5,0,10
6136,5,5,0,1,0,14
6138,15,8,0,0,6,12
6142,15,5,0,8,0,10
6143,8,1,0,0.5,0,6
6144,5,0,0,0,1,0
6152,3,1,0,0.2,2,0.5
6153,10,5,0,1,5,7
6154,5,2,1,2,5,0
6155,18,12,0,2,4,3
6156,11,.5,0,3,0,6
6157,15,1,0,0.5,1,10
6159,8,4,0,0,5,5.5
6161,3,1,0,2,3,0
6163,10,2,0,1,0,0
6165,10,0.5,0,0.5,4,4
6166,6,1,0,1,3,1.5
6167,1,0,0,1,0,0
6168,4,1,0,1,5,0
6171,5,2,0,1,6,5
6172,20,13,0,0,6,15
6174,5,3,0,1,3,1
6176,20,15,1,1,10,3
6178,6,2,0,3,2,0
6184,10,6,0,0,4,15
6192,17,0,0,0,6,1
6198,16,0.5,0,0.25,4,10
6201,20,5,0,0,0,8
6222,10,0,0,1,0,7
6225,12,11,0,7,0,12
6231,28,4,0,1,2,2
6239,36,2,0,2,0,34
6240,18,5,0,3,4,10
6247,20,7,0,1,8,10
6249,10,1,0,2,4,2
6250,2,1,0,1,2,0
6252,25,5,0,1,3,0
6261,1.5,0.5,0,0.3,1.5,0
6263,3,1,0,1,1,0
6269,10,6,0,1,5,2
6274,12,6,0,0,5,3
6275,4,1,0,2,0,0
6276,3,0.5,0,1,0,0.5
6278,2,2,0,1,2,0.5
6279,2,0,0,0,0,0
6283,10,10,0,5,4,3
6285,10,8,0,3,3,5
6290,7,3,0.5,0.5,5,5
6292,14,8,0,3,3,10
6295,10,6,1,4,5,2
6299,15,12,1,3,6,0.5
6301,27,3,0,0,2,0
6303,25,2,0,0,0,25
6306,47,0,0,0,0,38
6309,40,1,0,0,0,30
6310,7,1,0,0,4,6
6312,25,10,0,0,6,20
6314,32,3,0,6,1,0
6318,15,10,0,0,3,13
6323,30,5,0.1,5,10,0
6324,7,1,0,1,4,5
6325,10,0,0,0,4,5
6326,30,1,0,0,1,10
6328,4,0,0,0,2,0
6329,20,1,0,1,4,2
6330,7,5,1,1,3,0
6332,15,1,1,0,4,12
6334,30,1,1,0,4,20
6335,17,12,0,3,4,6
6336,10,1,0,1,1,2.5
6338,5,2,0,1,2,0
6339,30,1,0,0,4,24
6343,7,2,1,0.5,5,2
6345,10,3,0,1,3,0
6348,25,5,0,1,4,19
6349,32,1,0,0,4,30
6350,3,0,0,0.5,0,0.5
6351,9,9,0,0,4,9
6352,17,5,0,5,7,12
6353,5,3,0,1,3,.5
6362,9,1,0,0,4,1.5
6366,14,0,0,0,0,0
6367,35,3,0,0,0,35
6369,30,8,0,0,0,30
6372,5,0,0,0,4,4
6375,25,0,0,0,4,0
6377,12,1,0,0,6,14
6379,40,12,0,2,0,25
6382,12,8,0,0,4,5.5
6383,10,8,4,0,4,6
6386,30,0,0,0,5,25
6389,18,0,0,0,5,18
6391,4,1,0,0,0,0
6392,12,0,0,0,0,15
6395,30,0.5,0,0,2,0
6396,4,2,0,0,5,3
6397,30,0,0,0,3,18
6398,11,5,0,1,4,12
6400,10,4,1,1,5,1
6403,5,0,0,0,5,25
6404,7,0,0,0,2,0.5
6406,7,3,0,0,4,7
6407,30,0,0,0,0,15
6408,15,2,0,0,0,3
6409,29,0,0,1,4,2
6410,30,2,0,5,2,30
6412,4,0,0,0,0,0
6413,10,1,0,1,4,0
6414,11,2,0,0,4,7
6417,15,0,0,0,3,8
6419,2,0,0,0,0,0
6421,33,2,0,0,5,20
6422,38,0,0,0,0,38
6423,12,0,0,0,0,12
6426,7,6,0,.5,5,0
6430,25,1,0,1,5,20
6431,40,1,0,0,0,40
6432,30,0,0,0,0,30
6433,10,1,0,0,1,5
6434,31,0,0,2,4,29
6437,18,2,0.1,0.1,2,6
6438,15,5,0,0,4,5
6440,11,1,0,0,5,11
6442,6,3,3,3,5,2
6444,18,8,0,0,3,18
6446,30,0,0,2,0,24
6448,6,0,0,0,0,1.5
6449,3,3,0,1,2,0.5
6452,18,10,0,0,4,4
6457,30,4,0,6,1,25
6458,3.5,1,0,0,4,4.5
6462,10,4,1,4,4,2
6463,27,0,0,0,5,26
6464,30,2,0,5,5,0
6469,14,3,0,0,5,12
6470,30,0,0,0,3,5
6473,25,3,0,0,5,20
6477,4,0,0,0,0,0
6478,1,0,0,0,1,0
6481,8,4,0,0,4,7
6483,30,7,0,0,2,30
6486,30,0,0,0,3,27
6490,23,2,0,0,5,23
6492,28,0,0,0,4,26
6495,19,4,0,0,0,9
6497,22,10,0,2,4,3
6499,6,0.5,0,0,5,3
6500,30,0,0,1,1,30
6501,8,8,0,0,4,6
6502,22,0,0,0,4,18
6505,25,0,0,2,0,20
6507,25,0,0,0,0,15
6509,10,3,0,0,4,10
6510,13,0,0,0,0,13
6511,8,1,0,0,0,8
6512,26,9,0,1,5,14
6515,25,2,0,3,3,17
6518,12,1,0,0,5,8
6519,25,0,0,1,0,0
6520,25,5,0,0,4,25
6521,19,8,0,0,4,10
6523,7,3,0,0,7,0
6528,47,.5,0,.25,1,0
6529,15,5,0,0,5,10
6533,5,5,0,3,4,5
6534,40,1,0,0,3,32
6535,8,5,0,0,2,0
6538,6,0,0,0,0,6
6541,5,1,0,0,0,0
6544,25,2,0,0,5,20
6545,18,0,0,1,4,14
6546,30,1,0,0,3,25
6550,26,16,0,7,3,23
6551,20,0,0,0,0,0
6552,40,1,1,0,4,30
6554,25,5,1,2,2,7
6555,17,8,0,1,0,15
6558,8,0,0,0,0,0
6560,25,0,0,0,8,10
6563,10,1,0,0.5,4,7.5
6564,10,2,0,0,0,20
6567,25,0,0,0,4,25
6569,7,2,0,0.1,3,5
6574,20,2,0,1,2.5,17
6578,8,0,0,0,3,4
6580,1,0,0,0,0,0
6584,20,10,0,0,0,20
6585,12,0,0,0,1.5,0
6586,15,0,0,0,6,15
6587,32,2,0,0,4,7
6591,32,0,0,0,0,31
6592,8,2,0,0,4,7
6593,25,12,1,15,0,12
6597,4,2,0,1,4,4
6599,20,0,0,0,0,9
6601,8,1,0,0,8,8
6602,20,6,0,0,6,15
6607,30,1,0,2,2,25
6608,20,5,0,3,6,11
6609,30,2,0,0,4,24
6610,7,0,0,1,0,5
6611,14,0,0,0,0,12
6613,20,0,0,0,2,8
6615,10,0,0,0,4,0
6619,10,0,0,1,0,2
6620,14,0,0,0,3,8
6621,5,0,0,0,0,5
6622,25,1,0,0,6,25
6624,15,5,0,3,5,10
6625,23,1,0,0,4,23
6626,5,1,0,0,3,4
6627,40,0,0,0,3,37
6629,25,2,1,1,5,20
6631,8,1,0,1,3,3
6642,3,2,0,0,5,1
6644,6,3,0,.2,4,.5
6645,23,1,0,0,3,14
6647,20,6,0,2,4,20
6648,11,1,0,0,2,11
6652,6,0,0,0,4,0
6653,12,12,0,0,0,12
6654,10,2,0,0,5,1.5
6656,27,10,0,0,1,16
6657,14,0,0,0,3,13
6658,22,0,0,0,3,10
6661,30,7,0,1,0,20
6663,20,1,0,1,1,19
6665,6,3,0,0,7,2
6666,10,1,1,1,3,10
6669,5,2,0,3,4,2
6673,9,2,0,0,1,0
6674,28,15,0,2,5,22
6675,2,1,0,0,4,2
6676,15,1,0,0,3,13
6679,6,1,0,0,2,3
6682,39,3,5,0,4,36
6685,10,0,0,0,0,10
6686,5,4,2,0,1,5
6687,29,1,0,0,2,15
6688,4,1,0,0,2,1.5
6689,14,2,0,7,3,1
6690,4,1,0,1,0,0
6694,30,5,0,0,3,20
6696,22,5,0,1,3,17
6698,34,1,0,1,6,31
6699,3,1,0,0,4,4
6700,10,2,0,0,5,5
6703,34,0,0,0.25,4,30
6704,10,0,0,0,3,2
6706,8,1,0,2,1,4
6708,25,15,0,5,2,12
6709,2,1,0,0,2,1
6711,9,1,0,4,1,0
6713,4,2,0,0,3,2.5
6716,5,2,0,1,0,0
6717,7,3,0,1,6,2
6718,15,1,0,0,1,15
6721,15,10,0,1,3,11
6723,12,2,0,1,12,7
6724,20,2,0,0,3,10
6725,28,15,0,1,0,0
6726,8,2,0,0,4,4
6727,25,0,0,0,4,20
6728,22,4,2,8,0,12
6740,10,5,0,0,3,5
6741,15,3,0,0,1.5,0
6742,20,12,0,0,4,12
6743,30,4,0,0,4,25
6744,10,0,0,0,0,10
6746,5,2,0,5,0,1
6748,32,15,0,0,4,27
6749,7,0,0,0.5,4,0
6750,30,0,0,0,4,26
6751,11,2,0,0,5,11
6755,28,10,0,0,5,15
6759,30,5,0,1,2,0
6761,8,1,0,0,1,8
6764,23,1,0,0,5,23
6765,6.5,0,0,0,0,6.5
6768,12,0,0,0,0,12
6769,30,0,0,0,4,13
6771,25,13,0,5,7,0
6772,1,0,0,1,0,0
6774,8,0,0,0,2,14
6776,15,1,0,3,0,0
6779,26,0,0,0,6,26
6781,7,3,0,0,6,2
6783,13,1,0,1,2,5
6784,15,0,0,1,1,12
6786,23,1,0,0,0,14
6787,10,5,0,0,2,7
6788,30,0,0,0,4,30
6789,16,2,0,0,5,4
6790,37,0,0,0,1,33
6792,8,7,0,0,0,8
6794,8,5,0,0,3,6.5
6796,8,8,0,0,5,4
6798,6,1,0,0,4,0.6
6803,3,1,0,1,2,0
6804,15,.5,0,0,5,15
6805,10,7,0,1,6,4
6806,40,1,0,1,5,25
6807,25,0,0,1,1,25
6810,32,0,0,0,4,30
6811,25,0,0,0,4,23
6815,10,0,0,5,8,5
6816,38,10,0,0,4,30
6817,20,4,0,2,1,0.5
6821,30,0.1,0,0,0,0
6824,12,1,0,1,5,6
6826,13,8,1,1,0,7
6828,7,5,0,1,5,5
6829,0,1,0,0,5,0
6832,3,0,0,0,3,3
6834,7,2,0,0,3,5
6837,7,0,0,0,6,2
6838,9,2,0,2,4,7
6926,1.5,0,0,0.5,1,0
6929,52,0,0,0,12,52
6931,12,3,0,0,4,9
6934,0,0,0,0,0,0
6938,10,4,0,1,1,9
6940,6,1,0,0,1,3
6941,0,0,0,0,1,0
6944,3,3,0,1,3,2
6948,17,14,0,1,3,1
6956,13,2,0,1,9,8
6961,5,2,0,0,6,3
6963,25,0,0,0,0,25
6965,26,0,0,0,0,26
6972,32,12,0,12,0,20
6976,40,0,0,1,3,30
6979,10,0,0,0,2,5
6980,10,8,0,4,4,0
6983,1,2,1,1,1,0.5
6988,5,0.5,0,0.5,5,0
6991,25,12,0,0,0,20
6995,16,1,0,6,5,7
6997,0.5,0,0,0.5,0,0
7004,20,12,0,12,4,0
7005,8,0,0,1,4,0.5
7010,2,2,0,0.5,3,0
7011,10,7,0,1,5,8
7012,20,7,0,2,6,11
7013,7,3,0,4,5,4
7015,5,1,0,0,0,0
7016,45,0,0,5,0,40
7017,3,0,0,1,2,0
7021,1,0,0,1,1,0
7022,2,1,0,1.5,2,0
7025,20,0,0,2,0,18
7026,20,1,0,1,2,0.5
7030,40,0.5,0,0.5,0,17
7031,0.5,0,0,0.5,0,0
7033,7,5,0,3,5,0
7036,2,0,0,1,2,1
7039,13,0,0,0,5,12
7041,10,5,0,3,4,3
7057,23,2,0,5,5,10
7058,1,0,0,1,1,0
7059,37,0,0,0,4,37
7060,15,0,0,1,8,2
7061,5,0,0,0.5,2,0.5
7064,5,0,0,5,0,3
7067,3,0,0,1,3,2
7068,1,0,0,0.5,0,0
7070,12,0,0,0.25,1,12
7072,12,0,0,0.5,5.5,12
7076,13,8,0,0,5,8
7082,5,2,0,2,3,0.5
7089,5,0,0,4,0,0
7094,4,2,0,1,2,0.1
7100,8,0,0,0.2,1,0
7101,13,1,0,1,0,3
7103,1,0,0,1,0,0
7108,10,1,0,0,4,5
7109,10,3,0,2,5,5
7111,1,0,0,11,1,1
7113,6,4,0,0,4,1
7115,2,1,0,1,0,0
7116,1,0,0,1,1,0
7117,22,10,3,1.5,6,25
7119,1,0,0,1,0,0
7120,11,1,0,1,6,3
7123,4,4,0,3,4,4
7125,7,5,0,0,3,0
7126,17,11,0,1,6,7
7127,1,0,0,1,1,0
7130,6,3,0,0,6,0
7133,2,1,0,0,2,0
7134,10,0,0,4,4,4.5
7135,30,2,0,12,4,17
7138,7,5,0,1,2,0
7144,1,0,0,1,2,0
7146,12,0,0,2,4,10
7149,1,0,0,0,1,0
7150,35,0,0,0,0,24
7154,29,0,0,2,0,22
7165,1,1,0,1,1,0
7168,11,1,1,1,3,3
7169,7,4,0,0,0,5
7173,6,0,0,0.5,6,1
7177,1,0,0,.5,0,0
7179,1,0.5,0,0.5,0,0
7180,16,0,0,1,3,12
7181,10,8,0,1,5,2
7182,0.5,0,0,0.5,0.5,0
7183,4,0,0,2,2,0
7185,4,4,0,2,4,2
7197,5,4,0,2,3,2
7201,10,0,0,5,4,20
7203,4,1.5,0,3,1,0.25
7206,5,1,0,1,2,0
7208,5,0,0,1,0,0
7211,6,3,0,3,3,2
7214,0,0,0,0.13,0,0
7217,2,1,0,2,1,1
7218,2,1,0,1,4,2
7229,0,0,0,0,0,0
7235,12,2,0,1,0,4
7239,4,0,0,1,2,0
7243,3,2,0,0.5,3,0.5
7246,1.5,0,0,.5,1,0
7248,3,3,0,1,2,1
7250,3,1,0,1,1,0
7253,1,0,0,1,0,0
7254,0,0,0,0,1,0
7255,25,0,0,0,3,25
7258,5,1,0,3,1,1.5
7260,3,.5,0,2,2,0
7261,6,0,0,1,0,0
7263,28,2,0,1,1,16
7266,7,3,0,0.25,4,2.5
7267,7,0,1,3,2,0
7268,5,1,0,2,3,3
7269,7,0,0,0,6,0.5
7270,10,0,0,1,3,10
7279,5,5,0,4,4,0.5
7286,33,3,0,1,0,25
7288,15,13,0,4,0,8
7289,25,14,0,0,6,16
7290,0,0,0,0,0,0
7293,8.5,2.5,0,0.5,5.5,3
7294,6,2,0,1,4,1
7296,23,14,0,0,3,10.5
7297,7,3,0,1,2,0.5
7299,6,1,0,1,5,0
7301,1,0,0,0.1,1,0
7302,3,1,0,3,1,0
7305,30,0.5,0,0.5,0,40
7307,3,0.5,0,0.5,0,0.5
7308,35,1,0,1,1,30
7309,4,1,0,3,2,0
7310,40,5,0,1,0,10
7313,1,0.1,0,0.3,1,0
7321,4,0,0,1,1,0
7323,47,0,0,0.2,1,9
7328,0.5,0.5,0,0.5,0.5,0
7332,25,0,0,1,2,38
7334,6,1,0,1,0,0
7335,2,0,0,2,1,1
7338,25,12,0,1,6,20
7339,12,2,0,5,0,10
7348,1,1,0,0.5,1,0
7349,8,0,0,1,6,1
7355,1,0,0,1,0,0
7358,1,1,0,0.5,3,0
7360,5,4,0,2,0,0
7362,23,14,0,1,4,0
